[{"senderKeyId":240351218,"senderChainKey":{"iteration":51,"seed":"WBNYvj4s6YIY38mNN5M3MPZdDeor9ToXPH6PmKhAaig="},"senderSigningKey":{"public":"BfZ4LXu1WcdFSaT/Wi5887ma6JU3FQSMXvWvzC5eJodc","private":"0Hi6rvRpldK87E/LIabrLHSNsUdxYdR/Gq1c4iOKpm0="},"senderMessageKeys":[{"iteration":1,"seed":"45bfmiaDhZhM8fT8tYFKKP/uIYNCvx3sXPUEveK+Mqo="},{"iteration":3,"seed":"dZZG78ZhntyVAvO9NgVfKZ8Tva1nynX4PdvS0ESkijU="},{"iteration":5,"seed":"fw2ikwyikTg9d1Ol0T+vOFIVuieJqWCFxwy0Yg53GsM="},{"iteration":7,"seed":"n3YeEk1ANJGlVmfb8q2C/oMoolYgCh+IwnbmG1c8pv4="},{"iteration":9,"seed":"EzO0501+FsavmUG+jZ66xzH+lu0vFYIZdq9V2NjXoLo="},{"iteration":11,"seed":"t6JDqozvbv4KGrfUlECBpNujOFtRNolZH5ESkCc7+TU="},{"iteration":13,"seed":"wUZab2zvEIXpokL+epl0iLnlX4ds+MdoLT1IuCppWbQ="},{"iteration":15,"seed":"ZktFeRskrqQK7I7qX+TXHQyT/4ZyEm2Qwri/rwWTBXc="},{"iteration":17,"seed":"NKEJqdv0rGJl0RPQUVHen5UWNmdKQ7joFHMAQwQPakc="},{"iteration":19,"seed":"QC08x4P8gIy/P8DNpj5Icvr+iEcdQySye+bR6HqIvgw="},{"iteration":21,"seed":"KGp6lELXDYKLfbU1mS+ItYkVFtHG/ubAUo7EmMOAqj8="},{"iteration":23,"seed":"0+otVM8C9vYV3jb4zYGqqsjsv82ePcE0askQ6CSDyjQ="},{"iteration":25,"seed":"hsx7ATdilL9ysvDPDcZHtw8AuwRopyTze5P+ujJp+gI="},{"iteration":27,"seed":"ZfzmV0OwsFYUcyo26NxHY9TDQn/iRv8zHxkgBEEO3qM="},{"iteration":29,"seed":"uhuKdKf7+Tj1S/CLsoxe4x//LFPcg5qJgOD6WLQiCug="},{"iteration":31,"seed":"c2pXrpEPmRALbXldN4GXpicbQKz+GBB94vLWvUIP6LQ="},{"iteration":33,"seed":"rVHo9LLBugA2fbYULWNhqE9CxcKMogS6HVc7ltrqYg4="},{"iteration":35,"seed":"PTPGgdqy1NDPHYlice5a9HgNN6SAzxsO4PYKuGBEI9o="},{"iteration":37,"seed":"1f8ZfDpgxg9YkPM7fsjq3XsyWEzjAoVJ369+Mf/n0L4="},{"iteration":39,"seed":"qAbLoroJBSyumuwsPT6q1nOGvtiAE7JIYgtSu72CVdI="},{"iteration":41,"seed":"yElR/zg7iXi11vll/gKAJaBwC3YM5C/3rkqp1CEbncw="},{"iteration":43,"seed":"7RrnfNxIBRl5QhjE6zW7MvH1rYv73qQJqaqKUIE5Mdw="},{"iteration":45,"seed":"SXSMqgIYuSacU8WS/4hWWIP6eSadoHsOVKoUAB9DVQY="},{"iteration":47,"seed":"8Cn3qvxs61/317LDp3jBzujommH10cP2Qa9t2lYZ3NI="},{"iteration":49,"seed":"yNG3P98NOwkbfrp+fgMoKJWZT0etN+4x11LfpXqeK+0="}]}]