{"_sessions":{"Bbu2vopwvZuH5hwp5eYZDHfJ9CwGnHI8chmYRlU0BKUe":{"registrationId":969859666,"currentRatchet":{"ephemeralKeyPair":{"pubKey":"BbXOrdGVwhQZKRDYbc9uak2rJLCG+GjqF2z5UoCTElE5","privKey":"QOAyk3riIOyYQMXb+PUtw1jSMJzmAe7peTy+6XD8Z2U="},"lastRemoteEphemeralKey":"BYINsxEjJQSTStE+zIH9JF1leGb8IvGoNtRrT6GoDQkp","previousCounter":0,"rootKey":"q0svT0+vSmVNw5ZwQ1w8+VC/8NuOUa1ytICGjBECAQk="},"indexInfo":{"baseKey":"Bbu2vopwvZuH5hwp5eYZDHfJ9CwGnHI8chmYRlU0BKUe","baseKeyType":1,"closed":-1,"used":1744490931294,"created":1744490931294,"remoteIdentityKey":"BfS4A69ckhVqjRulXKtiWXBBXiT1ZvxlidZeCAsYZTJg"},"_chains":{"BbXOrdGVwhQZKRDYbc9uak2rJLCG+GjqF2z5UoCTElE5":{"chainKey":{"counter":0,"key":"qLt3o9cA/z/Vf9wR1g3JQfofxe7eocQeV/hDw64wP+M="},"chainType":1,"messageKeys":{}}},"pendingPreKey":{"signedKeyId":182,"baseKey":"Bbu2vopwvZuH5hwp5eYZDHfJ9CwGnHI8chmYRlU0BKUe","preKeyId":27312}}},"version":"v1"}