{"_sessions":{"BSYJM6OaBB1y7/8ZX4GzIREDNzaKP+fxqOYnN5FG859L":{"registrationId":607126571,"currentRatchet":{"ephemeralKeyPair":{"pubKey":"BZYOTGo0jsXb4eERb3pkSo5U4S0Tp4QHi5qsTIoUAcAR","privKey":"uDkwI6t08ujv46/j6PyVfasUSsxfccJPk1D/L+eLb1Q="},"lastRemoteEphemeralKey":"BVUJbSAIhWsiLbtOdtJw8QNPdfcOMoG8PlVtptg764cQ","previousCounter":0,"rootKey":"Mtszz2/GmlFGIspUQJNy9ccwhRClR9spqIUbNncwLto="},"indexInfo":{"baseKey":"BSYJM6OaBB1y7/8ZX4GzIREDNzaKP+fxqOYnN5FG859L","baseKeyType":1,"closed":-1,"used":1744491040461,"created":1744491030105,"remoteIdentityKey":"BQzRFSaHA67bKwj671Wmwp2HagZn8b1kGw7hQpNxewYc"},"_chains":{"BVUJbSAIhWsiLbtOdtJw8QNPdfcOMoG8PlVtptg764cQ":{"chainKey":{"counter":0,"key":"igxeixI1v+TOYK0Im0x6fPM9GRxeFa4p/+KgGlJ39AA="},"chainType":2,"messageKeys":{}},"BZYOTGo0jsXb4eERb3pkSo5U4S0Tp4QHi5qsTIoUAcAR":{"chainKey":{"counter":0,"key":"yuu0hnRSVWyIRzyk3zxCZo6IrL5uf5uM6Fv/MHX6LDg="},"chainType":1,"messageKeys":{}}}}},"version":"v1"}