{"_sessions":{"Bfh0obF32x1NQRltHUPLFc2J5mCoc+YZtsL6rD07Xntz":{"registrationId":2011492890,"currentRatchet":{"ephemeralKeyPair":{"pubKey":"BXRptXasDysiGZE4Jwz0R07BFUhtsoWDWVCUjRTb/g1N","privKey":"0LMVs44ALQF6HlbGEjV0u56l9e4ZvmNXYkgVOVxkU2g="},"lastRemoteEphemeralKey":"Bc/3I1odaGS5PO58+myPB9tcHeZuMnof/nCfWvUQtkho","previousCounter":0,"rootKey":"oUowxdX6EB/dN6aKyhww6NxlWLKNzJg5+CgiA65V/RI="},"indexInfo":{"baseKey":"Bfh0obF32x1NQRltHUPLFc2J5mCoc+YZtsL6rD07Xntz","baseKeyType":1,"closed":-1,"used":1744491010674,"created":1744491010674,"remoteIdentityKey":"BVblUWaXjYEz+Wi7DhGJKlcCVW/HVcWxu++pvOXqst57"},"_chains":{"BXRptXasDysiGZE4Jwz0R07BFUhtsoWDWVCUjRTb/g1N":{"chainKey":{"counter":0,"key":"6Y2Vc2yfsKGjs7BGaWHJnnTI9cAYtAhwWh/AIwbtTX4="},"chainType":1,"messageKeys":{}}},"pendingPreKey":{"signedKeyId":1,"baseKey":"Bfh0obF32x1NQRltHUPLFc2J5mCoc+YZtsL6rD07Xntz","preKeyId":14208}}},"version":"v1"}