{"_sessions":{"BZievHqYZqKDS/wp1iwmmW9PVFCY3Ts5psMv5eHmba0N":{"registrationId":1273815894,"currentRatchet":{"ephemeralKeyPair":{"pubKey":"BYnpllS0zHp70nhC8BKXsMD84YM2ceEYC8Eyj8Zhlq4n","privKey":"sD6qKU+Z9CMy2uvVvTSNtvG4tihtv+4LLyw1TTjRxHY="},"lastRemoteEphemeralKey":"BUWM0O2ACY1wB4Q0kDkokxTogmA/S8Ear+mrfwCERTFP","previousCounter":0,"rootKey":"hbbHL7HlBfsdHiXyJsAAud7vpjebzo3R2OrUjm5YsYs="},"indexInfo":{"baseKey":"BZievHqYZqKDS/wp1iwmmW9PVFCY3Ts5psMv5eHmba0N","baseKeyType":1,"closed":-1,"used":1744491051724,"created":1744491051724,"remoteIdentityKey":"Bej+TIxiOLB6dmKfBhZx37vXD9nN++xnB0eqSYx5DBF0"},"_chains":{"BYnpllS0zHp70nhC8BKXsMD84YM2ceEYC8Eyj8Zhlq4n":{"chainKey":{"counter":0,"key":"bSq3HY/sMCSm8yOBgmHmJFozDRVNsq8EsO/4oWIwUfE="},"chainType":1,"messageKeys":{}}},"pendingPreKey":{"signedKeyId":1,"baseKey":"BZievHqYZqKDS/wp1iwmmW9PVFCY3Ts5psMv5eHmba0N","preKeyId":14548492}}},"version":"v1"}