{"_sessions":{"BecmlklgoT5q5JOc+iGNTYi92/9HN/we+t9g5oM/w8la":{"registrationId":2074881941,"currentRatchet":{"ephemeralKeyPair":{"pubKey":"BfkGOCjTWmHAbMhDxbhfTqk/deTtaDWEAOlzfwndrLwr","privKey":"MOytJH/yeXBiAi30KnNbCQWRRLSw8xImvf/2hVD/e1E="},"lastRemoteEphemeralKey":"BU+a2ObsyrLSIkrSfWy3+kUimzufqdHQoSpjXDUumlsn","previousCounter":0,"rootKey":"NrXHmEqvNNfpgM9lXqoPDp1a8S7pKxsFKLZ5IkZxP4M="},"indexInfo":{"baseKey":"BecmlklgoT5q5JOc+iGNTYi92/9HN/we+t9g5oM/w8la","baseKeyType":2,"closed":-1,"used":1744491030656,"created":1744491030656,"remoteIdentityKey":"BWCfE+7Uf8RiDAlV7u4NeeU39IRhThUdy/e+cb6ATBMq"},"_chains":{"BU+a2ObsyrLSIkrSfWy3+kUimzufqdHQoSpjXDUumlsn":{"chainKey":{"counter":4,"key":"KsE1MYO8cyC2+UrDMjQwS0hlIsQ257QOiKEXWHUJqQg="},"chainType":2,"messageKeys":{"0":"9bnoh93I4exrDVex4G4R9YLP9UK+deAuAVepE8Vo26Y=","1":"q1mUG/P9odogq74n8r6WS7zEMab0yw/2azPVOLtg73o=","2":"b7sleM4N8E7AzJ1OtwsUbMxAJIa/ejvquv9Fruk8Vb4=","3":"fMVdsWGcBcu0S55FR5Hqak5Wwyh3KGLSCpByVYZHUQQ="}},"BfkGOCjTWmHAbMhDxbhfTqk/deTtaDWEAOlzfwndrLwr":{"chainKey":{"counter":-1,"key":"SmPgFWopH8hEzidLfz9cj6+xr7CymTz2lb/JGfyopJs="},"chainType":1,"messageKeys":{}}}}},"version":"v1"}