{"_sessions":{"BaNXXXmnYx92eDYSx6D0PAAgcoErc1/ICFlIfmJBqi0D":{"registrationId":193746988,"currentRatchet":{"ephemeralKeyPair":{"pubKey":"BRZ4azrjIL9npY9Rt2sQZVtDwhBf7fgoIiWCQYEgA9JZ","privKey":"sKiu+mrof3EzasqvNxVIcfbh/BowjGskCnpzborxQUQ="},"lastRemoteEphemeralKey":"BfyD/3u0n100BAUlnCgJtni6lFLaECdznlwpIUzbUlhR","previousCounter":0,"rootKey":"hp41jlc4c2g6N/Mgn5wh5YgKHO1s1BCa/6r/gSOfWno="},"indexInfo":{"baseKey":"BaNXXXmnYx92eDYSx6D0PAAgcoErc1/ICFlIfmJBqi0D","baseKeyType":1,"closed":-1,"used":1744491045991,"created":1744491035340,"remoteIdentityKey":"BUOL+DuNkb/p4OGGlJI0Kp0x0XnZazRSpbnlVXuwZUFC"},"_chains":{"BfyD/3u0n100BAUlnCgJtni6lFLaECdznlwpIUzbUlhR":{"chainKey":{"counter":0,"key":"xk42TJyfbWaF9O5TEa9ZlgzWfNPsxRPNt8f1EO/QTxk="},"chainType":2,"messageKeys":{}},"BRZ4azrjIL9npY9Rt2sQZVtDwhBf7fgoIiWCQYEgA9JZ":{"chainKey":{"counter":0,"key":"Axjo8cNwUffqugCt4ma/TIeQt+7LDRLWvOBTVNQDua8="},"chainType":1,"messageKeys":{}}}}},"version":"v1"}