{"_sessions":{"BcTH8DHn3xZ8fIR8hRElTqckDSP91+Sp6lmHNG9ZMvd/":{"registrationId":112,"currentRatchet":{"ephemeralKeyPair":{"pubKey":"BTGb4TYgwiRoLEOZS0jjqRwH9Ut5Czzqkswlsx7uF6Qe","privKey":"2IgRSv0ABtedmgWIXWAD5XRLQy6C8tOEE7dq8YCU6W8="},"lastRemoteEphemeralKey":"BRr5o+OmI3J7kgCeMVwSC7MIgn2i9A7vCFCMaP4v6Eca","previousCounter":0,"rootKey":"pThZYkFAf2N5o6mMqxxynddym5ui1XKaH85NavEj0+I="},"indexInfo":{"baseKey":"BcTH8DHn3xZ8fIR8hRElTqckDSP91+Sp6lmHNG9ZMvd/","baseKeyType":1,"closed":-1,"used":1744490992767,"created":1744490992767,"remoteIdentityKey":"BTdI/scin8vK66YLntDcFy4QSdBp2G2e9SFXgVwrmJJw"},"_chains":{"BTGb4TYgwiRoLEOZS0jjqRwH9Ut5Czzqkswlsx7uF6Qe":{"chainKey":{"counter":0,"key":"je9e0paUr8QlEkHdCjv2w3t+sXxYpi7/SJ4Z0wYqswI="},"chainType":1,"messageKeys":{}}},"pendingPreKey":{"signedKeyId":1,"baseKey":"BcTH8DHn3xZ8fIR8hRElTqckDSP91+Sp6lmHNG9ZMvd/"}}},"version":"v1"}