{"_sessions":{"BTZKhA9AnaLLstG4UvJLj7GqlTRb21bQXdVnj8zD+T8P":{"registrationId":4,"currentRatchet":{"ephemeralKeyPair":{"pubKey":"BUPtlAf8thG8IXgOQk823JNih8EatXssmwxKrtitAuw7","privKey":"ECCv9PZEo54S1Afm+HyU81F0JYF/00En6zapBppxoW0="},"lastRemoteEphemeralKey":"BVNEgWyvtL95v/FGs+zZ5qbzPmqfZh1Zv3tl+LCWfrxo","previousCounter":0,"rootKey":"fV/BMlaeauuPakLRMhlwKJK2lK7o//pYRkNDpfvdPZ0="},"indexInfo":{"baseKey":"BTZKhA9AnaLLstG4UvJLj7GqlTRb21bQXdVnj8zD+T8P","baseKeyType":1,"closed":-1,"used":1744491070303,"created":1744491070303,"remoteIdentityKey":"BeQx8aqDbVT8+y+hUHAvhs815sJHOk86wzd1t0wvWeVR"},"_chains":{"BUPtlAf8thG8IXgOQk823JNih8EatXssmwxKrtitAuw7":{"chainKey":{"counter":0,"key":"nt5GsvJdjs0ic79708pPXxp3iHWMpeDbK5DIQIzR7AY="},"chainType":1,"messageKeys":{}}},"pendingPreKey":{"signedKeyId":1,"baseKey":"BTZKhA9AnaLLstG4UvJLj7GqlTRb21bQXdVnj8zD+T8P"}}},"version":"v1"}