{"_sessions":{"BTcxVPm6Aio3gbza6K/jURU7O9dxRbywyx5ahV3F988U":{"registrationId":960119426,"currentRatchet":{"ephemeralKeyPair":{"pubKey":"BRPJqdrDyo1cs45TPqNoi8ifOS/Zn9QyCu4HxHrsmEEM","privKey":"qP3HGbZNY5p6BEAVDA1dhumcpcxo7KlR/VErfJ0XiEE="},"lastRemoteEphemeralKey":"Ba2A9tNvLpADZd4RKDrMdzONDVMjNhHpgUEgHDd1BWRU","previousCounter":0,"rootKey":"pmcsW9k2HaDVxVxCOdKrcdRvmrXdmm/+sUb2UEy64gE="},"indexInfo":{"baseKey":"BTcxVPm6Aio3gbza6K/jURU7O9dxRbywyx5ahV3F988U","baseKeyType":1,"closed":-1,"used":1744490922513,"created":1744490915354,"remoteIdentityKey":"Ba6Vt6dw/iENij+5xqsfLa9alP+FZEEMC87MByF8YYNV"},"_chains":{"Ba2A9tNvLpADZd4RKDrMdzONDVMjNhHpgUEgHDd1BWRU":{"chainKey":{"counter":0,"key":"I3jzKyE5eGU5rSAm9cJ8fQhxVIEKJEfo0D/dylc/jSY="},"chainType":2,"messageKeys":{}},"BRPJqdrDyo1cs45TPqNoi8ifOS/Zn9QyCu4HxHrsmEEM":{"chainKey":{"counter":0,"key":"VbrvjymWKxX8dj9YMH5b1UYL/yR/NdeyztkSFCtwI+I="},"chainType":1,"messageKeys":{}}}}},"version":"v1"}