{"_sessions":{"Beb2XB8zIA7EiVfALKWdlY+JD++fXqIe76JPxnmFbCx2":{"registrationId":211,"currentRatchet":{"ephemeralKeyPair":{"pubKey":"BXLkBDdiVC4SasHCIFiItm0jkg99K4IYW4PFiMGBdCUI","privKey":"YB/XXoQgeHjByTXqwErpukExYCxuZT6Hp0q/L/RvolY="},"lastRemoteEphemeralKey":"BWsMdYNE67MDVxCaRW+HxtoLpdsk4LC/Cy3bDECGWtAt","previousCounter":0,"rootKey":"nVYIA4vST8sc6Tum7lI5barGuT6JxDjSBWPtLmxzez4="},"indexInfo":{"baseKey":"Beb2XB8zIA7EiVfALKWdlY+JD++fXqIe76JPxnmFbCx2","baseKeyType":1,"closed":-1,"used":1744490992768,"created":1744490992768,"remoteIdentityKey":"BQMnbLN7fPoBfqfaNCK07ev2/GvyAubvfRmPe5kMACxy"},"_chains":{"BXLkBDdiVC4SasHCIFiItm0jkg99K4IYW4PFiMGBdCUI":{"chainKey":{"counter":0,"key":"F9tHUc9ayd+Mr4enSMZX0CFI8bEBwcCfpRKEWTFF6IU="},"chainType":1,"messageKeys":{}}},"pendingPreKey":{"signedKeyId":1,"baseKey":"Beb2XB8zIA7EiVfALKWdlY+JD++fXqIe76JPxnmFbCx2"}}},"version":"v1"}