{"_sessions":{"BU2xQMR0NMH5UD+amPKmkc9MSj1NYCYZ9JzFtJaupwdc":{"registrationId":80161831,"currentRatchet":{"ephemeralKeyPair":{"pubKey":"BVU6fzcRIgE1n9M/67cI0bgAxzhN6e/3KUgsyX9So4QW","privKey":"kO09a18ofs3sljmwG3xGCaNfYABVxDB2xDaG+GcjMlI="},"lastRemoteEphemeralKey":"BeLkysb8Jwq7Jj6KtCS6FPhn9G0MgIQ+xc2tPsEb48xP","previousCounter":0,"rootKey":"UepMAf5GxFnUanUZ51lfrOk0Ipx3MeapEAe7fO0eH9U="},"indexInfo":{"baseKey":"BU2xQMR0NMH5UD+amPKmkc9MSj1NYCYZ9JzFtJaupwdc","baseKeyType":1,"closed":-1,"used":1744491063160,"created":1744491062582,"remoteIdentityKey":"BVslmS44hOaVWLNHuL49JZ9h6We8+DUIexlhsTr5J6Mi"},"_chains":{"BeLkysb8Jwq7Jj6KtCS6FPhn9G0MgIQ+xc2tPsEb48xP":{"chainKey":{"counter":0,"key":"PjgkdeAqjUpoSXjVsBiMvAY03k80CSlKtiA9AlUXJP4="},"chainType":2,"messageKeys":{}},"BVU6fzcRIgE1n9M/67cI0bgAxzhN6e/3KUgsyX9So4QW":{"chainKey":{"counter":-1,"key":"Yo0RbK/Elg1JuxyTn93TP1u86RbtoJwdTt4j2mU0mrE="},"chainType":1,"messageKeys":{}}}}},"version":"v1"}