{"_sessions":{"BercBnsnPBISgqaqNmxAdY1SOWBzeqtZXOFyI2nJ2MlI":{"registrationId":39013033,"currentRatchet":{"ephemeralKeyPair":{"pubKey":"BS8KQjRB4hc5qLOYwuiESMzQrTyDsOyK5U1GpP+w5vkx","privKey":"oIurWl5XtGL0qiJKYi4arNXwfgr+JKQUFP4D1WN2XkI="},"lastRemoteEphemeralKey":"Bfj68c5wQAIvffGefgla1zpS5iDnLf5cR5yqbNilaPUs","previousCounter":0,"rootKey":"bnGIp2qEmiYYiRv2x+9Hko+WiVTj/uUI+Rgv9H+ZNBs="},"indexInfo":{"baseKey":"BercBnsnPBISgqaqNmxAdY1SOWBzeqtZXOFyI2nJ2MlI","baseKeyType":1,"closed":-1,"used":1744491070305,"created":1744491070305,"remoteIdentityKey":"BSz70EZ3Fm3QQ581DVaRzG+0pDFzNTt0ji9GB4Bx8tdU"},"_chains":{"BS8KQjRB4hc5qLOYwuiESMzQrTyDsOyK5U1GpP+w5vkx":{"chainKey":{"counter":0,"key":"RfDmSPBAwcIvj4ipguxBKfv1Ippapim5yDSd3kmlg6c="},"chainType":1,"messageKeys":{}}},"pendingPreKey":{"signedKeyId":1,"baseKey":"BercBnsnPBISgqaqNmxAdY1SOWBzeqtZXOFyI2nJ2MlI","preKeyId":9192527}}},"version":"v1"}