{"_sessions":{"BSSlE5gRzH2VEKTEMGJmZWINn8H839GOzv3pk5MZZIk3":{"registrationId":1777538959,"currentRatchet":{"ephemeralKeyPair":{"pubKey":"BYUlcORr6Z7dQGSKnNdprZ8KlEOWpHbDUFSI603ddD0P","privKey":"ENk+//4IBw1kYQPhLWimWf8bi3FcfEr8JyLZ084pyU8="},"lastRemoteEphemeralKey":"BcdJRUpZYXtDGPV3YmRQ7/z0Jjm5/49SGR+RDM8ihRkQ","previousCounter":0,"rootKey":"861pjun++PgWYyRTjILkQdjqkyBklZ2uw27/JIhfiWk="},"indexInfo":{"baseKey":"BSSlE5gRzH2VEKTEMGJmZWINn8H839GOzv3pk5MZZIk3","baseKeyType":1,"closed":1744490915404,"used":1744490915352,"created":1744490915352,"remoteIdentityKey":"BW3j9rzNffkQfsJOYjAteQUXLnpyt+nFN1Vbgdk2r/Fy"},"_chains":{"BYUlcORr6Z7dQGSKnNdprZ8KlEOWpHbDUFSI603ddD0P":{"chainKey":{"counter":0,"key":"qec/UB8FAiMJXv1ec+N6FeCRcCuGieCA96svA3tRT4U="},"chainType":1,"messageKeys":{}}},"pendingPreKey":{"signedKeyId":9,"baseKey":"BSSlE5gRzH2VEKTEMGJmZWINn8H839GOzv3pk5MZZIk3","preKeyId":13042366}},"BTsdaulHzk82H42vLTK80hz/hZjhv6y8Ad+IW75zHl43":{"registrationId":1777538959,"currentRatchet":{"ephemeralKeyPair":{"pubKey":"Bb6HXQGPgKO3AjVgoya2uUaOnyyNogw6blq7GGAXthVm","privKey":"aPLCKlQeX6VT2sArst6FFKUi5z0vwwJDyMkZSusCj2I="},"lastRemoteEphemeralKey":"BUYeeLhWPb3RT88NQZZ+xkP1K+8YqQZevmcwXrxOpHUM","previousCounter":1,"rootKey":"emi1Dc+jDT/Vf9FVId63ZnWeCWobL6Ho5zm7o1oJhKc="},"indexInfo":{"baseKey":"BTsdaulHzk82H42vLTK80hz/hZjhv6y8Ad+IW75zHl43","baseKeyType":1,"closed":-1,"used":1744491069864,"created":1744490915401,"remoteIdentityKey":"BW3j9rzNffkQfsJOYjAteQUXLnpyt+nFN1Vbgdk2r/Fy"},"_chains":{"BRRJWPZHE8HKZOnkFMvltOxU8fY2vAe5lWb8IPTl/85I":{"chainKey":{"counter":0},"chainType":2,"messageKeys":{}},"BWS8i+IumPDj3MChgChpwfYJf8M78tOIfKR5In5WKasg":{"chainKey":{"counter":0},"chainType":2,"messageKeys":{}},"BQnYP614KOiC/lGREICJ00DjhSXaTeMetfveQNNs/IZY":{"chainKey":{"counter":0},"chainType":2,"messageKeys":{}},"BSGKCu4/zmMxonMe/fJErs2+/GV8amxN7gJx0cUuEwcj":{"chainKey":{"counter":0},"chainType":2,"messageKeys":{}},"BfxWrgGj0PcMd6CsazMbBa/DdaNcmsmf2y3fb28TxIlD":{"chainKey":{"counter":0},"chainType":2,"messageKeys":{}},"BZxB68l5qtZvTSs/IovtOUA4etUS9uZimFTTVFrjKTlH":{"chainKey":{"counter":0},"chainType":2,"messageKeys":{}},"BVnk8Dcp3SlOfz1idgS7F9AoTsqDvNs5PfvE+lEnellP":{"chainKey":{"counter":0},"chainType":2,"messageKeys":{}},"BTClqtc9E+wWb/GBaWeovQFcBJl6S5rab9zBIoUkW4Nn":{"chainKey":{"counter":0},"chainType":2,"messageKeys":{}},"BRzEOL2cupglI1Ha9yb1Fw3nqwxL5PpEwEhJ3ENnR4Ib":{"chainKey":{"counter":0},"chainType":2,"messageKeys":{}},"Bfnizie3vuWl8gon43lGLfgQUOGCymkLwtA5A8jsWGIb":{"chainKey":{"counter":0},"chainType":2,"messageKeys":{}},"BVVGPsq7FBiWkWwliBXCej3djeZXN0K+AxMKfWqQ69BA":{"chainKey":{"counter":0},"chainType":2,"messageKeys":{}},"BRaoTdII5NbfcNN3a5NIcLM8fpMZuCb+7LxBCJSFPFQT":{"chainKey":{"counter":0},"chainType":2,"messageKeys":{}},"BcECokE1PXGmKnbz1EIvKNcpjfuIRqUJUJpfCoP7p+s5":{"chainKey":{"counter":0},"chainType":2,"messageKeys":{}},"BZuEZSfGopRAVSeKSxzt1k8voZyrPDC9D44Nn8e0I9Uq":{"chainKey":{"counter":0},"chainType":2,"messageKeys":{}},"BXWxFGymssMMHPYq+KuaWSQjUhSmyL4+YLkxWS0scaJh":{"chainKey":{"counter":0},"chainType":2,"messageKeys":{}},"BXZUIbysetnmwf5uv9mokgc808SCYXUc1r0YB0ncS5MU":{"chainKey":{"counter":0},"chainType":2,"messageKeys":{}},"BaVwIapkYQeUL6D1Ja8vTagbl5R/baIGlTcie9jehhsM":{"chainKey":{"counter":0},"chainType":2,"messageKeys":{}},"BTP5vY9cUK10aOyzUrUxHxNq80BIQ4oeiC2cDUIqWjwi":{"chainKey":{"counter":0},"chainType":2,"messageKeys":{}},"BaLVc1o8Majt3N3k15BF1Ya9P78EMvq3tbEGrG+tG8sb":{"chainKey":{"counter":0},"chainType":2,"messageKeys":{}},"BUYeeLhWPb3RT88NQZZ+xkP1K+8YqQZevmcwXrxOpHUM":{"chainKey":{"counter":0,"key":"wFEN+xzFUR8EDf62ZR56a8MstTHCBnnYnh+qCluUlSQ="},"chainType":2,"messageKeys":{}},"Bb6HXQGPgKO3AjVgoya2uUaOnyyNogw6blq7GGAXthVm":{"chainKey":{"counter":1,"key":"d2iaTXYZuZZfp+WoH/S//EMj14UWT+uruqzUgCI6k48="},"chainType":1,"messageKeys":{}}}}},"version":"v1"}