{"_sessions":{"BXfbNPlPpNlrgyxshWifnKkZ5c5qBsosIbFSZNduM053":{"registrationId":179,"currentRatchet":{"ephemeralKeyPair":{"pubKey":"Bbci7QHa7VpgggkwsoCsh4iLZb3o1Z5uqEMkFlSe4x4I","privKey":"mPLJnE4cKK2T9McRXDFIvIzjSoAtw110WO6cBWRAp0A="},"lastRemoteEphemeralKey":"BbyJwBM33Q4ym7eLZlvYLC1WDT828/WGizfRntxga3xM","previousCounter":0,"rootKey":"jAX67vYROsrv8Kyxv4qpu84qSqirutxYjzKHwNw6+nM="},"indexInfo":{"baseKey":"BXfbNPlPpNlrgyxshWifnKkZ5c5qBsosIbFSZNduM053","baseKeyType":1,"closed":-1,"used":1744490992766,"created":1744490992766,"remoteIdentityKey":"BQ4D2ptR8Ct9aYpAldg48Oxb23ps0b1xs1n+kZRQcMpa"},"_chains":{"Bbci7QHa7VpgggkwsoCsh4iLZb3o1Z5uqEMkFlSe4x4I":{"chainKey":{"counter":0,"key":"UHlzjRMPLrcvw8bNxTPbeS6cplnv5nThXf4U6k2cYXM="},"chainType":1,"messageKeys":{}}},"pendingPreKey":{"signedKeyId":1,"baseKey":"BXfbNPlPpNlrgyxshWifnKkZ5c5qBsosIbFSZNduM053"}}},"version":"v1"}