{"_sessions":{"BZI93Oc6qiCOSjXFemGoIa+MMUjFqITPCRzpa8PRJ3tL":{"registrationId":1685957739,"currentRatchet":{"ephemeralKeyPair":{"pubKey":"BZM1aVwNrkefdbDc4RxQS3fhFHOYvgAbAEXkVu08R/hE","privKey":"sBjiVmaRZdXEfII8gHlZvXR728+XIPuOsBsF9a+CVH4="},"lastRemoteEphemeralKey":"BfzyKAOHnLrlL4k+S6/a43VVZzoO+cRWZpT27znSQLYE","previousCounter":0,"rootKey":"hcTUx0dEDbgZqZ561D1yOMMxC9FKSb8TVO4zmTLB2c4="},"indexInfo":{"baseKey":"BZI93Oc6qiCOSjXFemGoIa+MMUjFqITPCRzpa8PRJ3tL","baseKeyType":1,"closed":-1,"used":1744491024726,"created":1744491024726,"remoteIdentityKey":"BbzbGEHvAGEu+Do+MOTjmeJq5o9IBSbAvdeMdQERYdhf"},"_chains":{"BZM1aVwNrkefdbDc4RxQS3fhFHOYvgAbAEXkVu08R/hE":{"chainKey":{"counter":1,"key":"+A8jijcSushlUp1OtDn1juh479p8JmcFPwB/xV+533U="},"chainType":1,"messageKeys":{}}},"pendingPreKey":{"signedKeyId":1,"baseKey":"BZI93Oc6qiCOSjXFemGoIa+MMUjFqITPCRzpa8PRJ3tL"}}},"version":"v1"}