{"_sessions":{"BcUZmf/g+u3pqlqfsD+wNt6f6KZGtgYdQvV/dBjTn0Qu":{"registrationId":1905365512,"currentRatchet":{"ephemeralKeyPair":{"pubKey":"BQXr/TWcOOmkdwQz9qTRKQ8c6EyJjhmpNVl+JwHOQmdc","privKey":"QLLprN/W5QvA44gDmgWXNxZThc4NxyGObp8ksEibVXw="},"lastRemoteEphemeralKey":"Bdv+IXhjqW4TU/A0PQ5I//eECIAjfRWKj3QighnRdLd7","previousCounter":0,"rootKey":"dWOPr07OwSW7oanvPSmcI0Pdvht7BGEUiueqb4cZYIk="},"indexInfo":{"baseKey":"BcUZmf/g+u3pqlqfsD+wNt6f6KZGtgYdQvV/dBjTn0Qu","baseKeyType":1,"closed":-1,"used":1744491052040,"created":1744491010675,"remoteIdentityKey":"BT4yJzZs4FzFZkeGjQcNI92nGgNirYLv7M/UpQz0TbFQ"},"_chains":{"Bdv+IXhjqW4TU/A0PQ5I//eECIAjfRWKj3QighnRdLd7":{"chainKey":{"counter":0,"key":"96xRC6LRuCZAYzfc7kZya8Xhx9xz+nqlj/mkazs4ezA="},"chainType":2,"messageKeys":{}},"BQXr/TWcOOmkdwQz9qTRKQ8c6EyJjhmpNVl+JwHOQmdc":{"chainKey":{"counter":-1,"key":"7FtEdv8E6692+TXDIFjBW0XTKb3XuR9TCph0mlGfBoI="},"chainType":1,"messageKeys":{}}}}},"version":"v1"}