{"_sessions":{"BfxIrT3ygZyGK5FaP8PI8PmAYyfJAFXk1zVOruO68Cwr":{"registrationId":1176077113,"currentRatchet":{"ephemeralKeyPair":{"pubKey":"BYHlt11FhbPgELjp4u9zrrvN0ZF5O+siXKBK9QBsPRpU","privKey":"AL4Ktqej3nMIVfLAJMYXhefIduo8imEOpSNGyqufgkc="},"lastRemoteEphemeralKey":"BabxY27xg5SaVhSP9jwrsmjlQihkm52P3+1Oh3EMenxO","previousCounter":0,"rootKey":"y9p6fnF9waTy8VxFzgTmus3LmmzExjbToL/KF4rCZIc="},"indexInfo":{"baseKey":"BfxIrT3ygZyGK5FaP8PI8PmAYyfJAFXk1zVOruO68Cwr","baseKeyType":1,"closed":-1,"used":1744490931297,"created":1744490931297,"remoteIdentityKey":"BY4Jjb/d6kePovKSDaSBV4a/TbUYaRsodIOjLkQ4xWtV"},"_chains":{"BYHlt11FhbPgELjp4u9zrrvN0ZF5O+siXKBK9QBsPRpU":{"chainKey":{"counter":0,"key":"lvfrQ5FhHz/RhJNvFcoC0GMYmMD5lGi/jX8g+oHoWeQ="},"chainType":1,"messageKeys":{}}},"pendingPreKey":{"signedKeyId":3,"baseKey":"BfxIrT3ygZyGK5FaP8PI8PmAYyfJAFXk1zVOruO68Cwr","preKeyId":3068965}}},"version":"v1"}