{"_sessions":{"BVXCUGa/LOrP2biylYfFAFdWiO0/Gt0mKUReoKN2fBtt":{"registrationId":1850245047,"currentRatchet":{"ephemeralKeyPair":{"pubKey":"BSdkcLutvcsLsVStL0jy0LG++esN+m+3m3u/WQQm2HgI","privKey":"AKNjSDcntcTMYNP3Ww7CFX6p1x3nDoyvTcBL/gOSo20="},"lastRemoteEphemeralKey":"BUMW9ZywcgjOLHsQHwHi/ki0V3tSxsDiRM+kSPLlHoJ+","previousCounter":0,"rootKey":"dVFpMOWfkOWC0jJJ2MYD+FAQ5JxP0Cdu1SpnBzf+7fs="},"indexInfo":{"baseKey":"BVXCUGa/LOrP2biylYfFAFdWiO0/Gt0mKUReoKN2fBtt","baseKeyType":1,"closed":-1,"used":1744490959513,"created":1744490959513,"remoteIdentityKey":"BSCQIwQvW8tBTVfwemt2pt8X5ARaZpD+xWsYoYA7tfpg"},"_chains":{"BSdkcLutvcsLsVStL0jy0LG++esN+m+3m3u/WQQm2HgI":{"chainKey":{"counter":0,"key":"VLIX7m0fFIjwJHVovu6MDIsrR7Y/TV9RVouFvh+eRRA="},"chainType":1,"messageKeys":{}}},"pendingPreKey":{"signedKeyId":3,"baseKey":"BVXCUGa/LOrP2biylYfFAFdWiO0/Gt0mKUReoKN2fBtt","preKeyId":7324486}}},"version":"v1"}