{"_sessions":{"BcDdsLIvZCeq3AZ1DxojQt2DU1+Z8QTG3PdWF3uSiw1q":{"registrationId":1889616082,"currentRatchet":{"ephemeralKeyPair":{"pubKey":"BY3XefQl+B9G/2eHXtzJIjQf0CM1VQoIzdo+SNmP33FU","privKey":"UPXKunQLgy9tD9kT1AoXZHnAhWlac1DepJH34EJTkUk="},"lastRemoteEphemeralKey":"BSQ7O85SWXqCqkPMb8UaR3I6ZKFCK1/FkZwGge8kl/53","previousCounter":0,"rootKey":"4LIDWIzMKkdJ914MPwXY+otl1s6qfrZ1OreFxqw06fM="},"indexInfo":{"baseKey":"BcDdsLIvZCeq3AZ1DxojQt2DU1+Z8QTG3PdWF3uSiw1q","baseKeyType":2,"closed":-1,"used":1744490985830,"created":1744490985830,"remoteIdentityKey":"BaUaf7c2Yrad0GizaNr5titHjSetJGOMrOmyFlRabCA4"},"_chains":{"BSQ7O85SWXqCqkPMb8UaR3I6ZKFCK1/FkZwGge8kl/53":{"chainKey":{"counter":12,"key":"LCdeIfT0CoRJsJfuGEmj1C8HcvfSNd62FKtoSVgaDwA="},"chainType":2,"messageKeys":{"0":"Afriy5KHyNBrlEwrXhFqACu+PCyrkdhx+2E34OSUaw8=","1":"+NX+nLNDTEqtTuUrYQ/3aFWaj68SSGd1UCfKpkYVKhM=","2":"sxAX3UwwEajX+YUQkHgbN9z7CzN3oNHvYfzC3km7TyY=","3":"mLil7f7k8jG+hHCgLfCddOZIL65NZD6U3pAb2hEQ5ws=","4":"X46ra2FIwxIjsqUzAzvfJH4D1iixJkb3jRVUTstenoA=","5":"CHIGk9aIAE5NSo0KjHauQnNu6lNTrF18TI3CdKQTbkM=","6":"faI4B4glIs8HT5TPu+gqRTS9tYxsdb3s1jmqkgvandE=","7":"aDUfvie6Bb7wMUTz3Z9vVip1+vttxpw2WGmeioey4+c=","8":"z3PzWOkVpkZQ8qNfa1NZleqoJwWCO4vVepFVsMrJkRI=","9":"FGXPrZcjMI77GaaLHWeDhI+GliSswAisIuXuBRNOCcg=","10":"e2DCsxolJ0k8P5wfbE0nESYibs0QVFesrQgd0oMcdQ8=","11":"3QJDBe8SYNPeRi6DdefKpYlh/7/FuzFTH5Gu5xNftL4="}},"BY3XefQl+B9G/2eHXtzJIjQf0CM1VQoIzdo+SNmP33FU":{"chainKey":{"counter":0,"key":"lGEm2ap77tdiLfnOxW/XqI3Bul1BzPh/5H/s7U8cR5g="},"chainType":1,"messageKeys":{}}}}},"version":"v1"}