{"_sessions":{"BeXjHXnPE4OAlswoc2PApCNThFx16qzBWZRkN1FkX6B6":{"registrationId":475335600,"currentRatchet":{"ephemeralKeyPair":{"pubKey":"BeBI78vJsLIiLXWk8A6RmWrt/I5ZLo/LmvoF7cKKVqAs","privKey":"6PifhG+bLzpx9LiL5nvDNDgYd3yCJL9j2X8KloLKmWY="},"lastRemoteEphemeralKey":"BRlN/25bNKzziG8ym/L4e4Xeee4Fh+/JCafl75zdE8QU","previousCounter":0,"rootKey":"ebptXfS4vNbWrcyXhc8DJDp4sSpEl1znuy8Ksy3AJW0="},"indexInfo":{"baseKey":"BeXjHXnPE4OAlswoc2PApCNThFx16qzBWZRkN1FkX6B6","baseKeyType":2,"closed":-1,"used":1744490956907,"created":1744490956907,"remoteIdentityKey":"BVd6NUawWNYgY6oC0Mxr0PJfz4KpTIGl/5k+qeWGCDlm"},"_chains":{"BRlN/25bNKzziG8ym/L4e4Xeee4Fh+/JCafl75zdE8QU":{"chainKey":{"counter":1,"key":"98LdxiMSxS0BDqia4euhaSiLkT2L3KFyuaib92MkOPY="},"chainType":2,"messageKeys":{"0":"AirBUMocKGIbEY/rpK22DHens9RfTH9qko8CwzqKqo0="}},"BeBI78vJsLIiLXWk8A6RmWrt/I5ZLo/LmvoF7cKKVqAs":{"chainKey":{"counter":-1,"key":"kKE9be3FOu8gFJn0kN2F0sNLtmH6+26uf2VqkYyJUbU="},"chainType":1,"messageKeys":{}}}}},"version":"v1"}