{"_sessions":{"BUknyFM94lg6/p7bAgdabI14lrgl9MHgSNiPkfJ0akwN":{"registrationId":634651107,"currentRatchet":{"ephemeralKeyPair":{"pubKey":"BcOYYyA3Z05RgiYRQIGvl9JUEcpJzTxMfEjvvcgnX5dC","privKey":"SDGfHeY5wFk/f+/e3tgU/XgRup0ThpGDuayUUJuJEGI="},"lastRemoteEphemeralKey":"BaLJJngyPBGIqzHuyg4NvJ+GIgNrSJoEHFBSy0WwaYcB","previousCounter":0,"rootKey":"wKeHQlysHJqFGfAL3l7/A9SEJ7rMLVA3tZjGBflkYa0="},"indexInfo":{"baseKey":"BUknyFM94lg6/p7bAgdabI14lrgl9MHgSNiPkfJ0akwN","baseKeyType":2,"closed":-1,"used":1744491052352,"created":1744491052352,"remoteIdentityKey":"BeJY4QbZ4Rnpxr5zBDgnctXAsaKILzjAoHnOM0sIjat9"},"_chains":{"BaLJJngyPBGIqzHuyg4NvJ+GIgNrSJoEHFBSy0WwaYcB":{"chainKey":{"counter":0,"key":"be9MUq6ufyEgBa+0MQu8s/7XosRfDgxumx+HAnjc7cA="},"chainType":2,"messageKeys":{}},"BcOYYyA3Z05RgiYRQIGvl9JUEcpJzTxMfEjvvcgnX5dC":{"chainKey":{"counter":-1,"key":"i5xwJ/QBNvjPD5170NJZswPmtDWwjzl90iEomBQfCew="},"chainType":1,"messageKeys":{}}}}},"version":"v1"}