{"_sessions":{"BevehXIAj3sgDmrG79D+1RLVshsT0OoewLra9TdKWggP":{"registrationId":1297847833,"currentRatchet":{"ephemeralKeyPair":{"pubKey":"BQTe03uprcvTMmsXFc7HTVEjn0iQybXO3zcuXlh6cR0T","privKey":"+OmS2EQMbyJdHaHlb4NX/mPRWEGBKo9Dj6aKZxbohFs="},"lastRemoteEphemeralKey":"BZscMKlnQWfY2IQBPz/0Kn8Xo+in+XSWm6Im/9L1qvEZ","previousCounter":0,"rootKey":"CUlWGFZUYlylJl56yL6RyoG8eUX+qbulYHSnhsD+/rI="},"indexInfo":{"baseKey":"BevehXIAj3sgDmrG79D+1RLVshsT0OoewLra9TdKWggP","baseKeyType":1,"closed":-1,"used":1744490958541,"created":1744490945397,"remoteIdentityKey":"BWC+bp2kuCTnmlSdgAQLlST2UlnGzTmpwFKuZxO/OPEd"},"_chains":{"BZscMKlnQWfY2IQBPz/0Kn8Xo+in+XSWm6Im/9L1qvEZ":{"chainKey":{"counter":0,"key":"gMlqE6YUuXkEd0NUtf07NeL78g/vUBrNo6pS1EoW4GY="},"chainType":2,"messageKeys":{}},"BQTe03uprcvTMmsXFc7HTVEjn0iQybXO3zcuXlh6cR0T":{"chainKey":{"counter":0,"key":"zaHzlDoTDxVDgGeFRcx9/PSlLLN0ZHX70rF6G97FXio="},"chainType":1,"messageKeys":{}}}}},"version":"v1"}