{"_sessions":{"BRm2PYS5kX8Ge/NHsu81JEO3TVlo2GSS2xdTqLCjY9sM":{"registrationId":1108579553,"currentRatchet":{"ephemeralKeyPair":{"pubKey":"Bcd9R8dNNQCQnEF97bgM2Xd32MaPkaFSI5DgboWrX9kq","privKey":"iF+tmxdgFmCZB37adxf+iOg4olS5VM1EuC+CSTATFnU="},"lastRemoteEphemeralKey":"BbIUYKNzo2pAif70kQ5Z5ySpMpJlE/rmvEK5BBRO9T4Y","previousCounter":0,"rootKey":"XaDbdtk7sWJJBEXuzZkBAmmvnKfe+tNN3RG1zV0hSJs="},"indexInfo":{"baseKey":"BRm2PYS5kX8Ge/NHsu81JEO3TVlo2GSS2xdTqLCjY9sM","baseKeyType":2,"closed":-1,"used":1744490918459,"created":1744490918459,"remoteIdentityKey":"Bds84JIE21D+CDV3v2tOHygOMNoveFLBaIspb6RQuFwo"},"_chains":{"BbIUYKNzo2pAif70kQ5Z5ySpMpJlE/rmvEK5BBRO9T4Y":{"chainKey":{"counter":85,"key":"+Dka0/zkcREPiBQpnH8eVbyH7kmORV96t6LJtaU6+Fw="},"chainType":2,"messageKeys":{"0":"U527IfxLumTsPnwIoBEf6hEsWojbEdGHJF0FYuJxbr4=","1":"k6nepvFz70n2+vVOthOaeic7VTer7uPhtnH9pi+o4LQ=","2":"U0b59+6cbCxmtDjhfg3FkRGidBjsoXo3s8vmV2gPOrI=","3":"r49L371uAGiHBv+zwIWPtifYYgTAC3t7xFE+xRsGcKs=","4":"vbKTK4Tqonu0oEzpfyNpg/3aE0GZyO2JjcdRlxacTrg=","5":"GiLBu7y/3CucUXnzfCVeSx7USiVQzkV6t428CFU46Ks=","6":"CPRhmeXe/ll+Eqy36Z5/j3HLD6aYdb1h8Q4fyv+jQLA=","7":"KtrddVcGgdkwfYC1kNacqnWhxhYelmYuI5zd1vsOYXg=","8":"6sN0oJmbZruEKrHrBOotEIOL5X31eRcHFPUqoSJrPWM=","9":"CK7QBntTR+cSMlgfiXEpehCJQhk2VeKCoUvzW8xhWc8=","10":"W3uGun08zllku8A4YEFGzsDOKq52i2HR2tTd+U4lCow=","11":"2bqYc+JYTPlCmxxGNHk4qcRbscWRQCem5hVm529+IGI=","12":"u9y4llTnh/jspPrj52aOGmt0XxKXp3980eCcUXkdnTM=","13":"wsa9ca8o/Rh9N2GaG86nmy9UW3QaRs87yFa8cFYz7TQ=","14":"cWmQSpvTXWvguydCeCQDeCAyalTYxVYPxQoY1M0FmZg=","15":"M6grngoeVGcxNkb7UUGcnXlLyLQBtjiefBE7K7QzUHE=","16":"sJ5/N/m1Prg7lqVLFI+qPp07tujQ6tBYvBJuYTttiXE=","17":"Ku39u4ARJ0og1axEbdyvXe73uwCwejflfk567QVWin8=","18":"nLLruRD0wzb+cDlQDDgaGXQP7EaphTV/PNtiOW5BMck=","19":"al1r3ZecggkE5jTBAbeFD3/T6Qsjzqt4t0/BWA8GKXI=","20":"wQZGThyirMXH+yL4UsKc5E4dgwkzx+Bs9/9Zz8wgoyg=","21":"S9VKt3XYElC05zd1nMJ0/EZ6ZfBGlxs8mIw5Z4Zujio=","22":"sFPq2D+gdVOUZWXqdzdMxcUaC0V0fFbFl1KnsB/QRxM=","23":"fOl7StyfsFBgJGhpHNsp84AL95HkB5f7rhHqlO4qVD4=","24":"UFZFQngsjrM99+vPkEh6bpW+dZgDQBLj8Jqnq3iGY38=","25":"kJRNmXEI28Ux4psdnK1YNdr1nTFFFsUuVcAip6d59c4=","26":"1W4Epu6iE31p5NJA6SRDJs9/j+nRavW/uQTJ6LSAotI=","27":"dEkcvO88+Jg8/9K/rqciRo4jvt3QD3rEz0FPLq/z0gQ=","28":"plKkJWZgYWHGJe1JBT1/Z0T88DP09oEApX3H5FtnQXQ=","29":"d2VA4jDOvdXiZk2PKltfd0eYESauDoKDrEJ8awcmHV0=","30":"+I/NfCeIjjoJZSdV6EJJBVE4ZSaCdwlk/fJgBvd60cw=","31":"a11LY4XTV7ic7bB52+MTPQObElrkOO7KddFpt4YyB2I=","32":"FLfIqynwi8hcJbXLHr+ntN1891aNwMffQAmnWIxOv5k=","33":"wmer0RqUVFrh3rDtkSVAJGU8JRsxicMcMAt/E14tFT4=","34":"vR3KQIDskahj4bR037fAZXrZarOaORBcSNpnMrxLCoI=","35":"WWcVI0sL+RUrMs7XvexKhAfX0qYzPdhLrhUHF6iQ1Ok=","36":"dcAIZR3yS3cMe2+J8qYx/l+9R8/lY+oGXYoOUYr8bbk=","37":"AB/G5VDLQEuBjl6Mvt6bvroyhY4HJCfUPEAbP2VfkaI=","38":"KENmll5KObEI5/hGebI76ypqvokS7j+qnmPKE1HxUxA=","39":"sLYq5jrsVdHdcl0qk9HD4kLdKSsAX5Vx7CGxYUALXoc=","40":"pOAR1UeTCf9S/FVVCvxByPU17Ojc2xcPMeLtaywjWqM=","41":"oO8QeJpiqzTecjsiBQyYA+ikcXrcTBwP4tX4/jZQNrM=","42":"o8hyEhgYKaVpxh/yfAhdwLqxybic9lZbUBpxIOjGlxo=","43":"ml8HKFr6cozbAgQDOCOwtzOkSaMO1pzgNZNE+4Sprn0=","44":"k0p/Ba4KdM9kdF0icRy71j2sMexvp2H8Uz3/jQyrBLI=","45":"DaAq2jgIq14g0mZsT7dY5N8VW+IhsSWgpCYnqlXs5Mw=","46":"f6FLhtuYFX1DP5CCc/QQu3bSau7JXbo94XzKUui6uGc=","47":"rML0yEJAb8tRH1n2P1uMS/5BBXQTHXQZ0NykZXbRgnI=","48":"SgfH5DC4c09Mul4jlgtPB2uTlTUQDUzPU5/VfU85o/Y=","49":"UmP4NfIwv1u6kb7DIk6+Gw5McwKnaPHNoD+dAVspDoA=","50":"wM6rQPfx0yPGSH7tol8hIf2+njogD6klp2PuM+6bra4=","51":"oha6XOVCZyxN392g+GjtELLw6LfTMNWwxrUEGIJ/okU=","52":"PWUzvh0Nx6Hd5NWdVJXB9w1i6+BZQeMnpsN4pPSdPTw=","53":"/0NDWK+XWAtRwPfdP4BYoJryrihcuMaAhjmbaIWDThE=","54":"qp/ZAf9cioA81J6eFQiYTagRYty6q5eqnHVsaAMLcMw=","55":"8BMwbBpr/LcK+84p03nTEseEuV5K5i0XeJQkVibmnn4=","56":"F7WMiL+k7n/Hl4tHK36//ivveZ+lXv/xHSCzCS1FFO8=","57":"Ix1WZEnimATtO4bNAwiwB4KSMe5g/C0uCiSHIbKE6Ow=","58":"7kZED6ka27VCqA5NZJ6Ed4pvP8HXx2E4qWe7BoYsfcI=","59":"tkcdBWs2aJ7W2awYaPWmy+RKu7meEfogYIuPoLp09+Q="}},"Bcd9R8dNNQCQnEF97bgM2Xd32MaPkaFSI5DgboWrX9kq":{"chainKey":{"counter":-1,"key":"5nbh/5YANYiurIG1TGD/NefaMtDc8qBxSid5Sm94fDk="},"chainType":1,"messageKeys":{}}}}},"version":"v1"}