{"_sessions":{"Bemem2cPvl9yYMzfKO0H26s99xzJmUZQVvD+L4XZy09N":{"registrationId":1847119037,"currentRatchet":{"ephemeralKeyPair":{"pubKey":"BWdBEWL8PwUo8IgUxFU6xZjBOGIYMlzX2UPma/gcZOUI","privKey":"aGIALxrsldhbJF1fag4EYk/MolEWJ52xs6TIGJnAXGs="},"lastRemoteEphemeralKey":"BYsRoohWd9t2NPrnJAMdfXgz2LfoYRHDzLbmP30J9U5r","previousCounter":0,"rootKey":"64iwN4hPNoid93i0SxPoD99o24GbvlpVq5NwXwW4DVo="},"indexInfo":{"baseKey":"Bemem2cPvl9yYMzfKO0H26s99xzJmUZQVvD+L4XZy09N","baseKeyType":1,"closed":-1,"used":1744490936974,"created":1744490936974,"remoteIdentityKey":"BW1R8pYaWaXb9qjgRD79FsmdhzJ45MYjEMtAHI8/nmkX"},"_chains":{"BWdBEWL8PwUo8IgUxFU6xZjBOGIYMlzX2UPma/gcZOUI":{"chainKey":{"counter":3,"key":"EXMDv24eIVB36jhp6LqY70MyA7ZT2s3PfJYW5I/vA0o="},"chainType":1,"messageKeys":{}}},"pendingPreKey":{"signedKeyId":5,"baseKey":"Bemem2cPvl9yYMzfKO0H26s99xzJmUZQVvD+L4XZy09N","preKeyId":15619747}}},"version":"v1"}