{"_sessions":{"BVQLdINK5GIa9jqI2jeQLsk6FcWqYS9CiF4IbEUVZoUV":{"registrationId":1680740321,"currentRatchet":{"ephemeralKeyPair":{"pubKey":"Bdo4wqmdxnFKbDhLGnMMIjqdDDNDwee1Vk4hV6FkEUEw","privKey":"sFg2n4vinNkfuqupzjZdfbjFQPjh18HlgurVIIgMB20="},"lastRemoteEphemeralKey":"BSOKNyMzR5LHrov4BIbS0TpoidRFWTo2TpCoTc+/hvlx","previousCounter":0,"rootKey":"vXEVxF30xXPgJuRs0ZyF932vOdUjDxcZ2jNpwufJSos="},"indexInfo":{"baseKey":"BVQLdINK5GIa9jqI2jeQLsk6FcWqYS9CiF4IbEUVZoUV","baseKeyType":1,"closed":-1,"used":1744490931296,"created":1744490931296,"remoteIdentityKey":"BddULadx9F/bMq93+cRo5dwrIpoAGOvBhQHaacTOfgxS"},"_chains":{"Bdo4wqmdxnFKbDhLGnMMIjqdDDNDwee1Vk4hV6FkEUEw":{"chainKey":{"counter":0,"key":"cWS2NTulIFRZZONKPrztB6G9icbW7oy0ZtpN82HOtQI="},"chainType":1,"messageKeys":{}}},"pendingPreKey":{"signedKeyId":1,"baseKey":"BVQLdINK5GIa9jqI2jeQLsk6FcWqYS9CiF4IbEUVZoUV","preKeyId":7281}}},"version":"v1"}