{"_sessions":{"BQFoD5PJ2aABuFFBOqVTdflnXNVptCFoVEuZfjpRMbJ1":{"registrationId":929331199,"currentRatchet":{"ephemeralKeyPair":{"pubKey":"BcxcQUuB8/hqIExkxV6RdtIcgM0vCvFRwn4gfEGiQagI","privKey":"qKFbBfUs1aKLVWF9xTeQHxqDbIzDI+7rrHfQ9kM+fX8="},"lastRemoteEphemeralKey":"BYTa3RhgtYeSd2et1XDkZQ4AJtviz35PJ9iPsof5Oxh9","previousCounter":0,"rootKey":"/Kx2tVdc8yKuTwN1MAtC0k9jwfMcs5QqWtyMmp/P7dk="},"indexInfo":{"baseKey":"BQFoD5PJ2aABuFFBOqVTdflnXNVptCFoVEuZfjpRMbJ1","baseKeyType":1,"closed":-1,"used":1744491043990,"created":1744490915400,"remoteIdentityKey":"BVtGCJt8VZ/Ek4+WfjF2EAUIroXHSqPbMM8anZaasq0p"},"_chains":{"BYTa3RhgtYeSd2et1XDkZQ4AJtviz35PJ9iPsof5Oxh9":{"chainKey":{"counter":0,"key":"31VGHJaEZESilvKrC1xNbTwT7v5GOXrP7wc0MpIk6p0="},"chainType":2,"messageKeys":{}},"BcxcQUuB8/hqIExkxV6RdtIcgM0vCvFRwn4gfEGiQagI":{"chainKey":{"counter":-1,"key":"5qSVYVYuQFN3X4j+XpiAGIE1va/Fq+uu+lMNSiaJS8s="},"chainType":1,"messageKeys":{}}}}},"version":"v1"}