{"_sessions":{"BfSe0nBb3Q5uJxTlyxUJaIzvL805JpAyzeg5AWGRPCEy":{"registrationId":201,"currentRatchet":{"ephemeralKeyPair":{"pubKey":"BTbfDjHJEKeKF8TXoTxAPLe9wdIjgwCWx1EkgvucagEk","privKey":"aOwVQLA7Y+yyO4AmiHV/C/XSuvorODqsz5zY0u/iwXI="},"lastRemoteEphemeralKey":"BbNfwE/IWUvG+s5ZDa5P++5ro6JrWF4Abot2OgHjRVou","previousCounter":0,"rootKey":"GJGwhbr0vh7kG2r1LUe9MEwNFspg9RFk6R1SuSHdkQE="},"indexInfo":{"baseKey":"BfSe0nBb3Q5uJxTlyxUJaIzvL805JpAyzeg5AWGRPCEy","baseKeyType":1,"closed":-1,"used":1744490931295,"created":1744490931295,"remoteIdentityKey":"Bb58FjvTDrRotVha2zH2wT4UZnmnlMU1j7iAGB61fdJg"},"_chains":{"BTbfDjHJEKeKF8TXoTxAPLe9wdIjgwCWx1EkgvucagEk":{"chainKey":{"counter":0,"key":"pCENrrMlCQC14OglhWyRT3wzkai5wTzOO6RTuHmSh/4="},"chainType":1,"messageKeys":{}}},"pendingPreKey":{"signedKeyId":1,"baseKey":"BfSe0nBb3Q5uJxTlyxUJaIzvL805JpAyzeg5AWGRPCEy"}}},"version":"v1"}