{"_sessions":{"BY6cJ3Xo2xsP9odE01IdVBk+NaglsCRwc9lDZQYXYTs+":{"registrationId":281853125,"currentRatchet":{"ephemeralKeyPair":{"pubKey":"BREj4DYbWXtAE8joojZArdUVGCBmMcWGHwH/Eje0h6Uo","privKey":"MGhC4uhTPy/RSDeRjkAvooT4rJZD4bs+ubbfUSj0H18="},"lastRemoteEphemeralKey":"BWvcFiAGsWqUUgE/yJCYe+vNviM1OeZmfCFrnbEaNPwE","previousCounter":0,"rootKey":"vzqwPuC4lnjketVo86vK4gQJVAgUaTFILE0DqWXC98Q="},"indexInfo":{"baseKey":"BY6cJ3Xo2xsP9odE01IdVBk+NaglsCRwc9lDZQYXYTs+","baseKeyType":2,"closed":-1,"used":1744490992522,"created":1744490992522,"remoteIdentityKey":"BcnTALG/iw8vPpOdIrX4DiR5ho2KfMHWRLLJ/nfHndRM"},"_chains":{"BWvcFiAGsWqUUgE/yJCYe+vNviM1OeZmfCFrnbEaNPwE":{"chainKey":{"counter":0,"key":"7UbZN7GNjqh+R3Q2oPa7V6Okigbg3nllZYXFBxft49w="},"chainType":2,"messageKeys":{}},"BREj4DYbWXtAE8joojZArdUVGCBmMcWGHwH/Eje0h6Uo":{"chainKey":{"counter":0,"key":"xpfm/LmMhWGFVDAmwjFxxbUn2tLtd2kOGrjSP4G0yXk="},"chainType":1,"messageKeys":{}}}}},"version":"v1"}