{"_sessions":{"BZkIJWPZMWl/Z77xSwvybTgpCaDc7hVpBfKOv28hri92":{"registrationId":2009318546,"currentRatchet":{"ephemeralKeyPair":{"pubKey":"BQnl9FYpuaMJEjZkq5cS3WaTQS2QFYloJxJZaaPSlTcL","privKey":"wFyAV2f17PeGKmIjpgvez6cadtmponXbNHviiebUJ18="},"lastRemoteEphemeralKey":"BQnf2Gu725vp8yhnCfrEquxeNbMm8olV6lxH9PbsAWw7","previousCounter":0,"rootKey":"YSXm1v6nHNVkt5mfe4uTR+3OfV9NQgspl+ViKWVQls0="},"indexInfo":{"baseKey":"BZkIJWPZMWl/Z77xSwvybTgpCaDc7hVpBfKOv28hri92","baseKeyType":2,"closed":-1,"used":1744490925424,"created":1744490925424,"remoteIdentityKey":"BVfHS90h16JmEJ+/WAF7Lh8CHI0UycoIYnKeOORC5BRa"},"_chains":{"BQnf2Gu725vp8yhnCfrEquxeNbMm8olV6lxH9PbsAWw7":{"chainKey":{"counter":5,"key":"a5jWz8X5J7E64tDWmjNbS9mApxSYjuOjn4r8hqGcxGI="},"chainType":2,"messageKeys":{"0":"su+pa3RUUGBIc2+QVH2Ar6YvLVBcGmeefvTSPiLqG5I=","1":"a9ITGFSmw1dxg/nxy9gvtdZXnMMSOiWEFAip1RtYWGI=","2":"We/bAyo0DrPXGRx5syVlmzEcdIFuA0aQZ+2dA0w9cwY=","3":"iKpacOfmMsgu6+rQNUQ8U1LI5MCBaAit8OGCs/QkM6o=","4":"RE+Zn1lNDWG56YmqC0uqRL94xWjJFujkjzgwhlK3Cs4="}},"BQnl9FYpuaMJEjZkq5cS3WaTQS2QFYloJxJZaaPSlTcL":{"chainKey":{"counter":-1,"key":"ZBWkMupi3X+R9HTcgNYcMZoxhXd1W3eaNGBpGvBaOrE="},"chainType":1,"messageKeys":{}}}}},"version":"v1"}