{"_sessions":{"BVCG1mVmOJy5aN6rIsWF8fmSGSswLbB/mZE6XTI62BF+":{"registrationId":90,"currentRatchet":{"ephemeralKeyPair":{"pubKey":"BSHXNl4eekHs+8f5+jlqoYiSRej0s2f16/D1mxr+0vA4","privKey":"+GsPn2CkZquAmgX1n2E8leuw3/6yLqudTrHPetqAZn8="},"lastRemoteEphemeralKey":"BRzvDoQidbbZzE5vcNAUJa7Y4H+5hYlWgr9mer+CxYIw","previousCounter":0,"rootKey":"nAglFoLoEWpaojVzDrT5AeJLyk8Bul8j3VqiNAPJ4BQ="},"indexInfo":{"baseKey":"BVCG1mVmOJy5aN6rIsWF8fmSGSswLbB/mZE6XTI62BF+","baseKeyType":1,"closed":-1,"used":1744490993106,"created":1744490992769,"remoteIdentityKey":"BYcaC8CF8hKggl8FdYIfTapEAvxiWJktpw+z2iXajK45"},"_chains":{"BRzvDoQidbbZzE5vcNAUJa7Y4H+5hYlWgr9mer+CxYIw":{"chainKey":{"counter":0,"key":"IWE8u5AAdpCsitEdn2OUc+vuFQpwSjsG6IDoS5jwu9U="},"chainType":2,"messageKeys":{}},"BSHXNl4eekHs+8f5+jlqoYiSRej0s2f16/D1mxr+0vA4":{"chainKey":{"counter":-1,"key":"IOVwnHW1EvG0Xdh7xnyTARaAmdrcMVYxN0ys8xDpBgQ="},"chainType":1,"messageKeys":{}}}}},"version":"v1"}