{"_sessions":{"BTYDEHLAe03+9eyD5H9znI/QEve8tYw25Kw+UO0hEH06":{"registrationId":855357676,"currentRatchet":{"ephemeralKeyPair":{"pubKey":"Bd+m41Ocz5Jeghch54rnNVGobroTl5H88fqTxsVPOgtP","privKey":"CIAuv/OIJ6zJ4oL5HzoBnZzTw0X1xDrj9j+4tqTHIFY="},"lastRemoteEphemeralKey":"Bdv+dyCVXGk4Tw1sZ257eSXXcrFikdFVHKAK2ZeEKWNk","previousCounter":0,"rootKey":"zGKqu5wPwVBRGiy71xQnivDeqUsvQtiDNnYGQmgXS4g="},"indexInfo":{"baseKey":"BTYDEHLAe03+9eyD5H9znI/QEve8tYw25Kw+UO0hEH06","baseKeyType":2,"closed":-1,"used":1744490932399,"created":1744490932399,"remoteIdentityKey":"BdguWCU7jQ09On+607akBiLxwm5yVIRti6BvEtaKcuJM"},"_chains":{"Bdv+dyCVXGk4Tw1sZ257eSXXcrFikdFVHKAK2ZeEKWNk":{"chainKey":{"counter":6,"key":"lDmLwk4BuV1W17yTuDkoxRLeEkm2Pi75v4VNEqV/5R8="},"chainType":2,"messageKeys":{"0":"yG0kRqK5c9gB5JCDnbwN+x3v2/OQc2UiZUM50pvuLc8=","1":"u0sbGKkLcnXPWi8WKADJ2pOBA23MXe8+txqa3NeP5hQ=","2":"Gw13S9dm1KfcvARATJaZimfnsJLuuNlPDS0BqJMvrJU=","3":"GP9mn0cTl7PnFRY2gKXFqIgr3KOn8mZwalCeUqwbSA8=","4":"GVZTvAIyKkZp4g2atqceYV1aMf2fhaa20DFC93Tk4Xs="}},"Bd+m41Ocz5Jeghch54rnNVGobroTl5H88fqTxsVPOgtP":{"chainKey":{"counter":0,"key":"TmLl2zLfZB8q/8sunhWeZGEvZWvp9HC77dsr0p26fGU="},"chainType":1,"messageKeys":{}}}}},"version":"v1"}