{"_sessions":{"BWNyHpOxOWq3sFBRF8QSNoMpPNg9kBVy4vXjLb+INR00":{"registrationId":1305645806,"currentRatchet":{"ephemeralKeyPair":{"pubKey":"BUQJQjRWvCCnvTjjIf/oCkXlRrudEgwHu+ZC3z86UVQa","privKey":"MLP+aJtWKmDaxn3+djXdi1ewKAU1bLI/ueKIWTYWOHc="},"lastRemoteEphemeralKey":"BcPw77EzQn1GL8e2T+URzQNvroop3mqIWZC0lGiX1elW","previousCounter":0,"rootKey":"OYiAMwc4ZUlQZlo4zWbofXnPLpaO4oO9ccGhEn2mbhU="},"indexInfo":{"baseKey":"BWNyHpOxOWq3sFBRF8QSNoMpPNg9kBVy4vXjLb+INR00","baseKeyType":1,"closed":-1,"used":1744490977960,"created":1744490965299,"remoteIdentityKey":"BaULAk6GLvegR4Zm9KOodep4PNH36y/SB2ArKy5juQRF"},"_chains":{"BcPw77EzQn1GL8e2T+URzQNvroop3mqIWZC0lGiX1elW":{"chainKey":{"counter":0,"key":"ddDbUFoLcpTqvJqc78hqfNoO2ctog7ACYw3KA42m4oE="},"chainType":2,"messageKeys":{}},"BUQJQjRWvCCnvTjjIf/oCkXlRrudEgwHu+ZC3z86UVQa":{"chainKey":{"counter":0,"key":"5k07z1DrkyB9/ULTlogBzQD79JWQmGooKPEpjhewQb4="},"chainType":1,"messageKeys":{}}}}},"version":"v1"}