{"_sessions":{"BejaSl8FMSti22k1zDICEBxHvngHDhn7nonTEHyjiPM1":{"registrationId":455223947,"currentRatchet":{"ephemeralKeyPair":{"pubKey":"BdtQckjEmD99bKh4igDxg+/FvNK/p7xkRX0CP5jNlTZT","privKey":"gKd6mMaqW+DsYS6/iO7v5r/nUH73PRQbdt1GaeZhfkQ="},"lastRemoteEphemeralKey":"BZ9ew4Cm/TToimCkza9SyKi4OxQXTZdGzzxw5VM4h+pF","previousCounter":0,"rootKey":"jvDacF7ibiI3p8NLq0EBWjv8gZFVdNatINTI4oIkigo="},"indexInfo":{"baseKey":"BejaSl8FMSti22k1zDICEBxHvngHDhn7nonTEHyjiPM1","baseKeyType":1,"closed":-1,"used":1744491069916,"created":1744491024727,"remoteIdentityKey":"BZOkhfm+0X1LkQjjfAOO90woUPKtO5xqVWQATZ0Nhrka"},"_chains":{"BZ9ew4Cm/TToimCkza9SyKi4OxQXTZdGzzxw5VM4h+pF":{"chainKey":{"counter":0,"key":"/j8rnEnc/romswPC8x6/blCYzBcy6tYQppvbFlO16/0="},"chainType":2,"messageKeys":{}},"BdtQckjEmD99bKh4igDxg+/FvNK/p7xkRX0CP5jNlTZT":{"chainKey":{"counter":0,"key":"N4FFBmwwoa3RRLdrLqQRrzN/UkoS8FwhAKmbgosir8g="},"chainType":1,"messageKeys":{}}}}},"version":"v1"}