{"noiseKey":{"private":{"type":"Buffer","data":"QPWNJ+TVlKY3annD3z57a1ez+G3pp5J93AZZVjvLX1c="},"public":{"type":"Buffer","data":"C74JGQ6uHh80c4wbURgwnlKNpCngrtGWpNKCmm67cmQ="}},"pairingEphemeralKeyPair":{"private":{"type":"Buffer","data":"SLn8ve/ZRgUFKuZYbI500lwVFBEk35VG5l4SaiUVfkA="},"public":{"type":"Buffer","data":"Wo4CYZ0WiOfWL9WopJQYEiVHzRv79sWWJpl8ORy3E1k="}},"signedIdentityKey":{"private":{"type":"Buffer","data":"6J6Upp3KuyxCF53oMthbRQ0x87UTFZpM8zBxhSgoCEo="},"public":{"type":"Buffer","data":"cb35HMbzdPQOxz+md38uylSEbTbCY0YOKjre9MDdmB0="}},"signedPreKey":{"keyPair":{"private":{"type":"Buffer","data":"OKMDrHXlddeZPSHZrHpGGvYoXOhUe0VLwCu8K29EPFs="},"public":{"type":"Buffer","data":"Araww0GIL+4ueI/vPP6Cymnud82TTye5Mcw8Crm6YAY="}},"signature":{"type":"Buffer","data":"9JZ1bh8LWxoCHG8QfwBHacJzew5wHrjiRAM7UcTqJQitmCydxPkVKCB6O21E4gk+9fdUUNDFfBgHCPe+uMCvBw=="},"keyId":1},"registrationId":235,"advSecretKey":"2hKakfPy7U5bqzKtOkkHHInddN4vtXhTiuHWFzbbEb8=","processedHistoryMessages":[{"key":{"remoteJid":"254704897825@s.whatsapp.net","fromMe":true,"id":"6C4B6F666CBA7F461B699002433584D6"},"messageTimestamp":1744320201},{"key":{"remoteJid":"254704897825@s.whatsapp.net","fromMe":true,"id":"FE91904439DC88EFF00737423ECED964"},"messageTimestamp":1744320227}],"nextPreKeyId":89,"firstUnuploadedPreKeyId":89,"accountSyncCounter":1,"accountSettings":{"unarchiveChats":false},"deviceId":"_iSf54ypTmKdG3RF-Wqvnw","phoneId":"d9b37db8-0766-40f6-b58f-245eaae54018","identityId":{"type":"Buffer","data":"KNhpX38jBb2YpcQJUBTWiQeoXPQ="},"registered":true,"backupToken":{"type":"Buffer","data":"8j3BLUXle+LOMv5GyPuvQy5PsrU="},"registration":{},"pairingCode":"CL7MBST5","me":{"id":"254704897825:78@s.whatsapp.net","name":"trekker inc","lid":"7198767878239:78@lid"},"account":{"details":"CJiWnPcDELTt4L8GGAEgACgA","accountSignatureKey":"beP2vM19+RB+wk5iMC15BRcuenK36cU3VVuB2Tav8XI=","accountSignature":"d/SHQF9yR76R7GRFXWB5z6OfM3FRbOog/5Oh4elFs/B9COhcZHhpT/1Gzxjb415PLimqBIS5oSu2+cmenKapBQ==","deviceSignature":"5EZcePjHcMjfGqwLeK2FfUTHJAYmrvbpo4rDo8UfBmDpOeyi67lSf3getGGU+drY7dUUJP6EmOYOq1maxBCHBw=="},"signalIdentities":[{"identifier":{"name":"254704897825:78@s.whatsapp.net","deviceId":0},"identifierKey":{"type":"Buffer","data":"BW3j9rzNffkQfsJOYjAteQUXLnpyt+nFN1Vbgdk2r/Fy"}}],"platform":"smba","lastAccountSyncTimestamp":1744320193,"myAppStateKeyId":"AAAAAL+7","routingInfo":{"type":"Buffer","data":"CAIIDQ=="}}