{"_sessions":{"Bez673ehH0CMCP6QFn5xn8yBKBATz/VEfpFV8LIsPqhT":{"registrationId":1777538959,"currentRatchet":{"ephemeralKeyPair":{"pubKey":"BfTHqQj/tjpEwC75HZdCEHLU7s/dSVD79KjXQ2SeIT5r","privKey":"4BBclePHqskI4+hYWscHmjK6Sk3VvWSAahvabqistFw="},"lastRemoteEphemeralKey":"BcdJRUpZYXtDGPV3YmRQ7/z0Jjm5/49SGR+RDM8ihRkQ","previousCounter":0,"rootKey":"2M+vN60AO+oM2q5IBUAHbHrlT6xoVKMNAw7XNJ/WNd8="},"indexInfo":{"baseKey":"Bez673ehH0CMCP6QFn5xn8yBKBATz/VEfpFV8LIsPqhT","baseKeyType":1,"closed":-1,"used":1744694702205,"created":1744694702205,"remoteIdentityKey":"BW3j9rzNffkQfsJOYjAteQUXLnpyt+nFN1Vbgdk2r/Fy"},"_chains":{"BfTHqQj/tjpEwC75HZdCEHLU7s/dSVD79KjXQ2SeIT5r":{"chainKey":{"counter":14,"key":"V5+KC2z+IU1Mkp5SVRhNc4tokS77f8RqO3TA5QkyYUo="},"chainType":1,"messageKeys":{}}},"pendingPreKey":{"signedKeyId":9,"baseKey":"Bez673ehH0CMCP6QFn5xn8yBKBATz/VEfpFV8LIsPqhT","preKeyId":13043620}}},"version":"v1"}