{"_sessions":{"BYnzXpYYY8EaEefeAMVkYebYbKeLxAJzuwJZHis/oKJY":{"registrationId":900922657,"currentRatchet":{"ephemeralKeyPair":{"pubKey":"BbIJ7yGw8JoBNz2TKCjC0w8ooJA73yNmUvOXoshxBKZg","privKey":"EPUni1PZCNNKsV8H1DBkD5cZoUi7JToedzHxIeaKS1A="},"lastRemoteEphemeralKey":"BbygoMFsO8TEtUtDVpJT0GbxMNagyGaXULgANAv3G8wR","previousCounter":0,"rootKey":"Fip+pOb3xY+VUSZPPD2DP89JAUKCtBLJ9p1bzA7Az7U="},"indexInfo":{"baseKey":"BYnzXpYYY8EaEefeAMVkYebYbKeLxAJzuwJZHis/oKJY","baseKeyType":1,"closed":-1,"used":1744694734066,"created":1744694734066,"remoteIdentityKey":"BVgLg4POxQnC1SNTPzaZ9OxZKR0T80LgHHh04mIM2toJ"},"_chains":{"BbIJ7yGw8JoBNz2TKCjC0w8ooJA73yNmUvOXoshxBKZg":{"chainKey":{"counter":0,"key":"rdLj4InAD5nFKXWOcWkdoG2Rt8yIhoJQbOnbN5KE5fo="},"chainType":1,"messageKeys":{}}},"pendingPreKey":{"signedKeyId":1,"baseKey":"BYnzXpYYY8EaEefeAMVkYebYbKeLxAJzuwJZHis/oKJY","preKeyId":11182688}}},"version":"v1"}